id,path_type,cross_track_error,lap_time
customPP_0,midline,0.4210278567037078,22.338412761688232
customPP_1,midline,0.4291728886792378,22.1043348312378
customPP_2,optimal,0.6501203892829532,21.39895439147949
customPP_3,optimal,0.6601631921075269,21.28921604156494
