id,map_rmse,path_rmse
no_odom_0,0.8134533472782627,0.2674539254612538
odom_0,0.8877974873754438,0.3257373383519281
